<?xml version="1.0" encoding="UTF-8"?>
<Set>
    <TagSetFieldDataFor_FAQ__domains id="1">
        <code>software</code>
        <label>Software 💾</label>
    </TagSetFieldDataFor_FAQ__domains>
    <TagSetFieldDataFor_FAQ__domains id="2">
        <code>hardware</code>
        <label>Hardware 💻</label>
    </TagSetFieldDataFor_FAQ__domains>
    <TagSetFieldDataFor_FAQ__domains id="3">
        <code>server</code>
        <label>Server 🏢</label>
    </TagSetFieldDataFor_FAQ__domains>
    <TagSetFieldDataFor_FAQ__domains id="4">
        <code>mobile</code>
        <label>Mobile 📱</label>
    </TagSetFieldDataFor_FAQ__domains>
    <TagSetFieldDataFor_FAQ__domains id="5">
        <code>network</code>
        <label>Network ☁️</label>
    </TagSetFieldDataFor_FAQ__domains>
</Set>
